[{"id": "cangoo", "name": "Canada Goose", "supercategory": "Bird"}, {"id": "mallar3", "name": "Mallard", "supercategory": "Bird"}, {"id": "norbob", "name": "Northern Bobwhite", "supercategory": "Bird"}, {"id": "rinphe", "name": "Ring-necked Pheasant (Ring-necked)", "supercategory": "Bird"}, {"id": "rufgro", "name": "Ruffed Grouse", "supercategory": "Bird"}, {"id": "wiltur", "name": "Wild Turkey", "supercategory": "Bird"}, {"id": "pibgre", "name": "Pied-billed Grebe", "supercategory": "Bird"}, {"id": "rocpig1", "name": "Rock Pigeon (Feral Pigeon)", "supercategory": "Bird"}, {"id": "eucdov", "name": "Eurasian Collared-Dove", "supercategory": "Bird"}, {"id": "moudov", "name": "Mourning Dove", "supercategory": "Bird"}, {"id": "yebcuc", "name": "Yellow-billed Cuckoo", "supercategory": "Bird"}, {"id": "bkbcuc", "name": "Black-billed Cuckoo", "supercategory": "Bird"}, {"id": "comnig", "name": "Common Nighthawk", "supercategory": "Bird"}, {"id": "chwwid", "name": "Chuck-will's-widow", "supercategory": "Bird"}, {"id": "whip-p1", "name": "Eastern Whip-poor-will", "supercategory": "Bird"}, {"id": "chiswi", "name": "Chimney Swift", "supercategory": "Bird"}, {"id": "rthhum", "name": "Ruby-throated Hummingbird", "supercategory": "Bird"}, {"id": "virrai", "name": "Virginia Rail", "supercategory": "Bird"}, {"id": "sora", "name": "Sora", "supercategory": "Bird"}, {"id": "comgal1", "name": "Common Gallinule", "supercategory": "Bird"}, {"id": "y00475", "name": "American Coot", "supercategory": "Bird"}, {"id": "sancra", "name": "Sandhill Crane", "supercategory": "Bird"}, {"id": "killde", "name": "Killdeer", "supercategory": "Bird"}, {"id": "uplsan", "name": "Upland Sandpiper", "supercategory": "Bird"}, {"id": "amewoo", "name": "American Woodcock", "supercategory": "Bird"}, {"id": "wilsni1", "name": "Wilson's Snipe", "supercategory": "Bird"}, {"id": "sposan", "name": "Spotted Sandpiper", "supercategory": "Bird"}, {"id": "amebit", "name": "American Bittern", "supercategory": "Bird"}, {"id": "leabit", "name": "Least Bittern", "supercategory": "Bird"}, {"id": "grbher3", "name": "Great Blue Heron", "supercategory": "Bird"}, {"id": "grnher", "name": "Green Heron", "supercategory": "Bird"}, {"id": "osprey", "name": "Osprey", "supercategory": "Bird"}, {"id": "norhar2", "name": "Northern Harrier", "supercategory": "Bird"}, {"id": "shshaw", "name": "Sharp-shinned Hawk (Plain-breasted)", "supercategory": "Bird"}, {"id": "coohaw", "name": "Cooper's Hawk", "supercategory": "Bird"}, {"id": "baleag", "name": "Bald Eagle", "supercategory": "Bird"}, {"id": "reshaw", "name": "Red-shouldered Hawk", "supercategory": "Bird"}, {"id": "brwhaw", "name": "Broad-winged Hawk", "supercategory": "Bird"}, {"id": "rethaw", "name": "Red-tailed Hawk", "supercategory": "Bird"}, {"id": "brnowl", "name": "Barn Owl (Eastern)", "supercategory": "Bird"}, {"id": "easowl1", "name": "Eastern Screech-Owl", "supercategory": "Bird"}, {"id": "grhowl", "name": "Great Horned Owl (Great Horned)", "supercategory": "Bird"}, {"id": "brdowl", "name": "Barred Owl (Northern)", "supercategory": "Bird"}, {"id": "nswowl", "name": "Northern Saw-whet Owl", "supercategory": "Bird"}, {"id": "belkin1", "name": "Belted Kingfisher", "supercategory": "Bird"}, {"id": "yebsap", "name": "Yellow-bellied Sapsucker", "supercategory": "Bird"}, {"id": "rehwoo", "name": "Red-headed Woodpecker", "supercategory": "Bird"}, {"id": "rebwoo", "name": "Red-bellied Woodpecker", "supercategory": "Bird"}, {"id": "bkbwoo", "name": "Black-backed Woodpecker", "supercategory": "Bird"}, {"id": "dowwoo", "name": "Downy Woodpecker (Eastern)", "supercategory": "Bird"}, {"id": "haiwoo", "name": "Hairy Woodpecker", "supercategory": "Bird"}, {"id": "pilwoo", "name": "Pileated Woodpecker", "supercategory": "Bird"}, {"id": "norfli", "name": "Northern Flicker (Red-shafted)", "supercategory": "Bird"}, {"id": "amekes", "name": "American Kestrel", "supercategory": "Bird"}, {"id": "merlin", "name": "Merlin", "supercategory": "Bird"}, {"id": "perfal", "name": "Peregrine Falcon (Australian)", "supercategory": "Bird"}, {"id": "olsfly", "name": "Olive-sided Flycatcher", "supercategory": "Bird"}, {"id": "eawpew", "name": "Eastern Wood-Pewee", "supercategory": "Bird"}, {"id": "yebfly", "name": "Yellow-bellied Flycatcher", "supercategory": "Bird"}, {"id": "acafly", "name": "Acadian Flycatcher", "supercategory": "Bird"}, {"id": "aldfly", "name": "Alder Flycatcher", "supercategory": "Bird"}, {"id": "wilfly", "name": "Willow Flycatcher", "supercategory": "Bird"}, {"id": "leafly", "name": "Least Flycatcher", "supercategory": "Bird"}, {"id": "easpho", "name": "Eastern Phoebe", "supercategory": "Bird"}, {"id": "grcfly", "name": "Great Crested Flycatcher", "supercategory": "Bird"}, {"id": "easkin", "name": "Eastern Kingbird", "supercategory": "Bird"}, {"id": "whevir", "name": "White-eyed Vireo", "supercategory": "Bird"}, {"id": "yetvir", "name": "Yellow-throated Vireo", "supercategory": "Bird"}, {"id": "buhvir", "name": "Blue-headed Vireo", "supercategory": "Bird"}, {"id": "phivir", "name": "Philadelphia Vireo", "supercategory": "Bird"}, {"id": "warvir", "name": "Warbling Vireo", "supercategory": "Bird"}, {"id": "reevir1", "name": "Red-eyed Vireo", "supercategory": "Bird"}, {"id": "norshr4", "name": "Northern Shrike (American)", "supercategory": "Bird"}, {"id": "gryjay", "name": "Canada Jay", "supercategory": "Bird"}, {"id": "blujay", "name": "Blue Jay", "supercategory": "Bird"}, {"id": "amecro", "name": "American Crow", "supercategory": "Bird"}, {"id": "fiscro", "name": "Fish Crow", "supercategory": "Bird"}, {"id": "comrav", "name": "Common Raven", "supercategory": "Bird"}, {"id": "carchi", "name": "Carolina Chickadee", "supercategory": "Bird"}, {"id": "bkcchi", "name": "Black-capped Chickadee", "supercategory": "Bird"}, {"id": "borchi2", "name": "Boreal Chickadee", "supercategory": "Bird"}, {"id": "tuftit", "name": "Tufted Titmouse", "supercategory": "Bird"}, {"id": "horlar", "name": "Horned Lark", "supercategory": "Bird"}, {"id": "nrwswa", "name": "Northern Rough-winged Swallow", "supercategory": "Bird"}, {"id": "purmar", "name": "Purple Martin", "supercategory": "Bird"}, {"id": "treswa", "name": "Tree Swallow", "supercategory": "Bird"}, {"id": "banswa", "name": "Bank Swallow", "supercategory": "Bird"}, {"id": "barswa", "name": "Barn Swallow", "supercategory": "Bird"}, {"id": "cliswa", "name": "Cliff Swallow", "supercategory": "Bird"}, {"id": "gockin", "name": "Golden-crowned Kinglet", "supercategory": "Bird"}, {"id": "ruckin", "name": "Ruby-crowned Kinglet", "supercategory": "Bird"}, {"id": "rebnut", "name": "Red-breasted Nuthatch", "supercategory": "Bird"}, {"id": "whbnut", "name": "White-breasted Nuthatch (Pacific)", "supercategory": "Bird"}, {"id": "brncre", "name": "Brown Creeper (albescens/alticola)", "supercategory": "Bird"}, {"id": "buggna", "name": "Blue-gray Gnatcatcher (obscura Group)", "supercategory": "Bird"}, {"id": "houwre", "name": "House Wren", "supercategory": "Bird"}, {"id": "winwre3", "name": "Winter Wren", "supercategory": "Bird"}, {"id": "sedwre", "name": "Sedge Wren (Tucuman)", "supercategory": "Bird"}, {"id": "marwre", "name": "Marsh Wren", "supercategory": "Bird"}, {"id": "carwre", "name": "Carolina Wren", "supercategory": "Bird"}, {"id": "eursta", "name": "European Starling", "supercategory": "Bird"}, {"id": "grycat", "name": "Gray Catbird", "supercategory": "Bird"}, {"id": "brnthr", "name": "Brown Thrasher", "supercategory": "Bird"}, {"id": "normoc", "name": "Northern Mockingbird", "supercategory": "Bird"}, {"id": "easblu", "name": "Eastern Bluebird (Mexican)", "supercategory": "Bird"}, {"id": "veery", "name": "Veery", "supercategory": "Bird"}, {"id": "gycthr", "name": "Gray-cheeked Thrush", "supercategory": "Bird"}, {"id": "bicthr", "name": "Bicknell's Thrush", "supercategory": "Bird"}, {"id": "swathr", "name": "Swainson's Thrush", "supercategory": "Bird"}, {"id": "herthr", "name": "Hermit Thrush", "supercategory": "Bird"}, {"id": "woothr", "name": "Wood Thrush", "supercategory": "Bird"}, {"id": "amerob", "name": "American Robin", "supercategory": "Bird"}, {"id": "bohwax", "name": "Bohemian Waxwing", "supercategory": "Bird"}, {"id": "cedwax", "name": "Cedar Waxwing", "supercategory": "Bird"}, {"id": "houspa", "name": "House Sparrow", "supercategory": "Bird"}, {"id": "amepip", "name": "American Pipit", "supercategory": "Bird"}, {"id": "evegro", "name": "Evening Grosbeak", "supercategory": "Bird"}, {"id": "pingro", "name": "Pine Grosbeak", "supercategory": "Bird"}, {"id": "houfin", "name": "House Finch", "supercategory": "Bird"}, {"id": "purfin", "name": "Purple Finch", "supercategory": "Bird"}, {"id": "comred", "name": "Common Redpoll", "supercategory": "Bird"}, {"id": "redcro", "name": "Red Crossbill", "supercategory": "Bird"}, {"id": "whwcro", "name": "White-winged Crossbill", "supercategory": "Bird"}, {"id": "pinsis", "name": "Pine Siskin", "supercategory": "Bird"}, {"id": "amegfi", "name": "American Goldfinch", "supercategory": "Bird"}, {"id": "laplon", "name": "Lapland Longspur", "supercategory": "Bird"}, {"id": "snobun", "name": "Snow Bunting", "supercategory": "Bird"}, {"id": "graspa", "name": "Grasshopper Sparrow", "supercategory": "Bird"}, {"id": "chispa", "name": "Chipping Sparrow", "supercategory": "Bird"}, {"id": "clcspa", "name": "Clay-colored Sparrow", "supercategory": "Bird"}, {"id": "fiespa", "name": "Field Sparrow", "supercategory": "Bird"}, {"id": "amtspa", "name": "American Tree Sparrow", "supercategory": "Bird"}, {"id": "foxspa", "name": "Fox Sparrow (Sooty)", "supercategory": "Bird"}, {"id": "daejun", "name": "Dark-eyed Junco", "supercategory": "Bird"}, {"id": "whcspa", "name": "White-crowned Sparrow", "supercategory": "Bird"}, {"id": "whtspa", "name": "White-throated Sparrow", "supercategory": "Bird"}, {"id": "vesspa", "name": "Vesper Sparrow", "supercategory": "Bird"}, {"id": "seaspa", "name": "Seaside Sparrow", "supercategory": "Bird"}, {"id": "nstspa", "name": "Nelson's Sparrow", "supercategory": "Bird"}, {"id": "savspa", "name": "Savannah Sparrow", "supercategory": "Bird"}, {"id": "henspa", "name": "Henslow's Sparrow", "supercategory": "Bird"}, {"id": "sonspa", "name": "Song Sparrow", "supercategory": "Bird"}, {"id": "linspa", "name": "Lincoln's Sparrow", "supercategory": "Bird"}, {"id": "swaspa", "name": "Swamp Sparrow", "supercategory": "Bird"}, {"id": "eastow", "name": "Eastern Towhee", "supercategory": "Bird"}, {"id": "yebcha", "name": "Yellow-breasted Chat", "supercategory": "Bird"}, {"id": "boboli", "name": "Bobolink", "supercategory": "Bird"}, {"id": "easmea", "name": "Eastern Meadowlark (Eastern)", "supercategory": "Bird"}, {"id": "orcori", "name": "Orchard Oriole", "supercategory": "Bird"}, {"id": "balori", "name": "Baltimore Oriole", "supercategory": "Bird"}, {"id": "rewbla", "name": "Red-winged Blackbird", "supercategory": "Bird"}, {"id": "bnhcow", "name": "Brown-headed Cowbird", "supercategory": "Bird"}, {"id": "rusbla", "name": "Rusty Blackbird", "supercategory": "Bird"}, {"id": "comgra", "name": "Common Grackle", "supercategory": "Bird"}, {"id": "botgra", "name": "Boat-tailed Grackle", "supercategory": "Bird"}, {"id": "ovenbi1", "name": "Ovenbird", "supercategory": "Bird"}, {"id": "woewar1", "name": "Worm-eating Warbler", "supercategory": "Bird"}, {"id": "louwat", "name": "Louisiana Waterthrush", "supercategory": "Bird"}, {"id": "norwat", "name": "Northern Waterthrush", "supercategory": "Bird"}, {"id": "gowwar", "name": "Golden-winged Warbler", "supercategory": "Bird"}, {"id": "buwwar", "name": "Blue-winged Warbler", "supercategory": "Bird"}, {"id": "bawwar", "name": "Black-and-white Warbler", "supercategory": "Bird"}, {"id": "prowar", "name": "Prothonotary Warbler", "supercategory": "Bird"}, {"id": "tenwar", "name": "Tennessee Warbler", "supercategory": "Bird"}, {"id": "orcwar", "name": "Orange-crowned Warbler", "supercategory": "Bird"}, {"id": "naswar", "name": "Nashville Warbler", "supercategory": "Bird"}, {"id": "conwar", "name": "Connecticut Warbler", "supercategory": "Bird"}, {"id": "mouwar", "name": "Mourning Warbler", "supercategory": "Bird"}, {"id": "kenwar", "name": "Kentucky Warbler", "supercategory": "Bird"}, {"id": "comyel", "name": "Common Yellowthroat", "supercategory": "Bird"}, {"id": "hoowar", "name": "Hooded Warbler", "supercategory": "Bird"}, {"id": "amered", "name": "American Redstart", "supercategory": "Bird"}, {"id": "camwar", "name": "Cape May Warbler", "supercategory": "Bird"}, {"id": "cerwar", "name": "Cerulean Warbler", "supercategory": "Bird"}, {"id": "norpar", "name": "Northern Parula", "supercategory": "Bird"}, {"id": "magwar", "name": "Magnolia Warbler", "supercategory": "Bird"}, {"id": "babwar", "name": "Bay-breasted Warbler", "supercategory": "Bird"}, {"id": "bkbwar", "name": "Blackburnian Warbler", "supercategory": "Bird"}, {"id": "yelwar", "name": "Yellow Warbler", "supercategory": "Bird"}, {"id": "chswar", "name": "Chestnut-sided Warbler", "supercategory": "Bird"}, {"id": "bkpwar", "name": "Blackpoll Warbler", "supercategory": "Bird"}, {"id": "btbwar", "name": "Black-throated Blue Warbler", "supercategory": "Bird"}, {"id": "palwar", "name": "Palm Warbler (Yellow)", "supercategory": "Bird"}, {"id": "pinwar", "name": "Pine Warbler", "supercategory": "Bird"}, {"id": "yerwar", "name": "Yellow-rumped Warbler", "supercategory": "Bird"}, {"id": "yetwar", "name": "Yellow-throated Warbler", "supercategory": "Bird"}, {"id": "prawar", "name": "Prairie Warbler", "supercategory": "Bird"}, {"id": "btnwar", "name": "Black-throated Green Warbler", "supercategory": "Bird"}, {"id": "canwar", "name": "Canada Warbler", "supercategory": "Bird"}, {"id": "wlswar", "name": "Wilson's Warbler", "supercategory": "Bird"}, {"id": "sumtan", "name": "Summer Tanager", "supercategory": "Bird"}, {"id": "scatan", "name": "Scarlet Tanager", "supercategory": "Bird"}, {"id": "norcar", "name": "Northern Cardinal", "supercategory": "Bird"}, {"id": "robgro", "name": "Rose-breasted Grosbeak", "supercategory": "Bird"}, {"id": "blugrb1", "name": "Blue Grosbeak", "supercategory": "Bird"}, {"id": "indbun", "name": "Indigo Bunting", "supercategory": "Bird"}, {"id": "dickci", "name": "Dickcissel", "supercategory": "Bird"}]