[{"id": 53870221, "url": "https://cdn.download.ams.birds.cornell.edu/api/v1/asset/53870221/spectrogram_small", "src": "https://macaulaylibrary.org/asset/53870221", "attribution": "George Chiu", "audio": "https://cdn.download.ams.birds.cornell.edu/api/v1/asset/53870221"}, {"id": 49546901, "url": "https://cdn.download.ams.birds.cornell.edu/api/v1/asset/49546901/spectrogram_small", "src": "https://macaulaylibrary.org/asset/49546901", "attribution": "Colin Sumrall", "audio": "https://cdn.download.ams.birds.cornell.edu/api/v1/asset/49546901"}, {"id": 60165461, "url": "https://cdn.download.ams.birds.cornell.edu/api/v1/asset/60165461/spectrogram_small", "src": "https://macaulaylibrary.org/asset/60165461", "attribution": "David Brown NFC Station", "audio": "https://cdn.download.ams.birds.cornell.edu/api/v1/asset/60165461"}, {"id": 100758, "url": "https://cdn.download.ams.birds.cornell.edu/api/v1/asset/100758/spectrogram_small", "src": "https://macaulaylibrary.org/asset/100758", "attribution": "Wil Hershberger", "audio": "https://cdn.download.ams.birds.cornell.edu/api/v1/asset/100758"}, {"id": 80897781, "url": "https://cdn.download.ams.birds.cornell.edu/api/v1/asset/80897781/spectrogram_small", "src": "https://macaulaylibrary.org/asset/80897781", "attribution": "Julia Plummer", "audio": "https://cdn.download.ams.birds.cornell.edu/api/v1/asset/80897781"}, {"id": 87988231, "url": "https://cdn.download.ams.birds.cornell.edu/api/v1/asset/87988231/spectrogram_small", "src": "https://macaulaylibrary.org/asset/87988231", "attribution": "Robert Bochenek", "audio": "https://cdn.download.ams.birds.cornell.edu/api/v1/asset/87988231"}, {"id": 84846921, "url": "https://cdn.download.ams.birds.cornell.edu/api/v1/asset/84846921/spectrogram_small", "src": "https://macaulaylibrary.org/asset/84846921", "attribution": "Brian Henderson", "audio": "https://cdn.download.ams.birds.cornell.edu/api/v1/asset/84846921"}, {"id": 91359271, "url": "https://cdn.download.ams.birds.cornell.edu/api/v1/asset/91359271/spectrogram_small", "src": "https://macaulaylibrary.org/asset/91359271", "attribution": "Brad Walker", "audio": "https://cdn.download.ams.birds.cornell.edu/api/v1/asset/91359271"}, {"id": 82026601, "url": "https://cdn.download.ams.birds.cornell.edu/api/v1/asset/82026601/spectrogram_small", "src": "https://macaulaylibrary.org/asset/82026601", "attribution": "Lisa Maier", "audio": "https://cdn.download.ams.birds.cornell.edu/api/v1/asset/82026601"}, {"id": 79548081, "url": "https://cdn.download.ams.birds.cornell.edu/api/v1/asset/79548081/spectrogram_small", "src": "https://macaulaylibrary.org/asset/79548081", "attribution": "Paul Fenwick", "audio": "https://cdn.download.ams.birds.cornell.edu/api/v1/asset/79548081"}, {"id": 86742321, "url": "https://cdn.download.ams.birds.cornell.edu/api/v1/asset/86742321/spectrogram_small", "src": "https://macaulaylibrary.org/asset/86742321", "attribution": "Gordon Dimmig", "audio": "https://cdn.download.ams.birds.cornell.edu/api/v1/asset/86742321"}, {"id": 86917171, "url": "https://cdn.download.ams.birds.cornell.edu/api/v1/asset/86917171/spectrogram_small", "src": "https://macaulaylibrary.org/asset/86917171", "attribution": "Miles  Buddy", "audio": "https://cdn.download.ams.birds.cornell.edu/api/v1/asset/86917171"}, {"id": 91838151, "url": "https://cdn.download.ams.birds.cornell.edu/api/v1/asset/91838151/spectrogram_small", "src": "https://macaulaylibrary.org/asset/91838151", "attribution": "Tim Avery", "audio": "https://cdn.download.ams.birds.cornell.edu/api/v1/asset/91838151"}, {"id": 78554611, "url": "https://cdn.download.ams.birds.cornell.edu/api/v1/asset/78554611/spectrogram_small", "src": "https://macaulaylibrary.org/asset/78554611", "attribution": "Joe Gyekis NFC Station", "audio": "https://cdn.download.ams.birds.cornell.edu/api/v1/asset/78554611"}, {"id": 84919461, "url": "https://cdn.download.ams.birds.cornell.edu/api/v1/asset/84919461/spectrogram_small", "src": "https://macaulaylibrary.org/asset/84919461", "attribution": "Christopher Eliot", "audio": "https://cdn.download.ams.birds.cornell.edu/api/v1/asset/84919461"}, {"id": 108165991, "url": "https://cdn.download.ams.birds.cornell.edu/api/v1/asset/108165991/spectrogram_small", "src": "https://macaulaylibrary.org/asset/108165991", "attribution": "Mary McKitrick", "audio": "https://cdn.download.ams.birds.cornell.edu/api/v1/asset/108165991"}, {"id": 60635721, "url": "https://cdn.download.ams.birds.cornell.edu/api/v1/asset/60635721/spectrogram_small", "src": "https://macaulaylibrary.org/asset/60635721", "attribution": "David Brown NFC Station", "audio": "https://cdn.download.ams.birds.cornell.edu/api/v1/asset/60635721"}, {"id": 60429221, "url": "https://cdn.download.ams.birds.cornell.edu/api/v1/asset/60429221/spectrogram_small", "src": "https://macaulaylibrary.org/asset/60429221", "attribution": "Dean Newhouse", "audio": "https://cdn.download.ams.birds.cornell.edu/api/v1/asset/60429221"}, {"id": 23800691, "url": "https://cdn.download.ams.birds.cornell.edu/api/v1/asset/23800691/spectrogram_small", "src": "https://macaulaylibrary.org/asset/23800691", "attribution": "Colin Sumrall", "audio": "https://cdn.download.ams.birds.cornell.edu/api/v1/asset/23800691"}, {"id": 66184751, "url": "https://cdn.download.ams.birds.cornell.edu/api/v1/asset/66184751/spectrogram_small", "src": "https://macaulaylibrary.org/asset/66184751", "attribution": "Robert Bochenek", "audio": "https://cdn.download.ams.birds.cornell.edu/api/v1/asset/66184751"}, {"id": 66195551, "url": "https://cdn.download.ams.birds.cornell.edu/api/v1/asset/66195551/spectrogram_small", "src": "https://macaulaylibrary.org/asset/66195551", "attribution": "LynnErla Beegle", "audio": "https://cdn.download.ams.birds.cornell.edu/api/v1/asset/66195551"}, {"id": 68278311, "url": "https://cdn.download.ams.birds.cornell.edu/api/v1/asset/68278311/spectrogram_small", "src": "https://macaulaylibrary.org/asset/68278311", "attribution": "LynnErla Beegle", "audio": "https://cdn.download.ams.birds.cornell.edu/api/v1/asset/68278311"}, {"id": 71638001, "url": "https://cdn.download.ams.birds.cornell.edu/api/v1/asset/71638001/spectrogram_small", "src": "https://macaulaylibrary.org/asset/71638001", "attribution": "Jay McGowan", "audio": "https://cdn.download.ams.birds.cornell.edu/api/v1/asset/71638001"}, {"id": 71709241, "url": "https://cdn.download.ams.birds.cornell.edu/api/v1/asset/71709241/spectrogram_small", "src": "https://macaulaylibrary.org/asset/71709241", "attribution": "Gregory Budney", "audio": "https://cdn.download.ams.birds.cornell.edu/api/v1/asset/71709241"}, {"id": 74143751, "url": "https://cdn.download.ams.birds.cornell.edu/api/v1/asset/74143751/spectrogram_small", "src": "https://macaulaylibrary.org/asset/74143751", "attribution": "Julia Plummer", "audio": "https://cdn.download.ams.birds.cornell.edu/api/v1/asset/74143751"}, {"id": 45516191, "url": "https://cdn.download.ams.birds.cornell.edu/api/v1/asset/45516191/spectrogram_small", "src": "https://macaulaylibrary.org/asset/45516191", "attribution": "Jeffrey Graham", "audio": "https://cdn.download.ams.birds.cornell.edu/api/v1/asset/45516191"}, {"id": 26131481, "url": "https://cdn.download.ams.birds.cornell.edu/api/v1/asset/26131481/spectrogram_small", "src": "https://macaulaylibrary.org/asset/26131481", "attribution": "Colin Sumrall", "audio": "https://cdn.download.ams.birds.cornell.edu/api/v1/asset/26131481"}, {"id": 28980361, "url": "https://cdn.download.ams.birds.cornell.edu/api/v1/asset/28980361/spectrogram_small", "src": "https://macaulaylibrary.org/asset/28980361", "attribution": "Brad Walker", "audio": "https://cdn.download.ams.birds.cornell.edu/api/v1/asset/28980361"}, {"id": 55046651, "url": "https://cdn.download.ams.birds.cornell.edu/api/v1/asset/55046651/spectrogram_small", "src": "https://macaulaylibrary.org/asset/55046651", "attribution": "John Woods", "audio": "https://cdn.download.ams.birds.cornell.edu/api/v1/asset/55046651"}, {"id": 72289331, "url": "https://cdn.download.ams.birds.cornell.edu/api/v1/asset/72289331/spectrogram_small", "src": "https://macaulaylibrary.org/asset/72289331", "attribution": "Patrick Englehardt", "audio": "https://cdn.download.ams.birds.cornell.edu/api/v1/asset/72289331"}, {"id": 505420, "url": "https://cdn.download.ams.birds.cornell.edu/api/v1/asset/505420/spectrogram_small", "src": "https://macaulaylibrary.org/asset/505420", "attribution": "Gregory Budney", "audio": "https://cdn.download.ams.birds.cornell.edu/api/v1/asset/505420"}, {"id": 191264, "url": "https://cdn.download.ams.birds.cornell.edu/api/v1/asset/191264/spectrogram_small", "src": "https://macaulaylibrary.org/asset/191264", "attribution": "Randolph Little", "audio": "https://cdn.download.ams.birds.cornell.edu/api/v1/asset/191264"}, {"id": 125211, "url": "https://cdn.download.ams.birds.cornell.edu/api/v1/asset/125211/spectrogram_small", "src": "https://macaulaylibrary.org/asset/125211", "attribution": "Michael Andersen", "audio": "https://cdn.download.ams.birds.cornell.edu/api/v1/asset/125211"}, {"id": 124329721, "url": "https://cdn.download.ams.birds.cornell.edu/api/v1/asset/124329721/spectrogram_small", "src": "https://macaulaylibrary.org/asset/124329721", "attribution": "Teresa & Miles Tuffli", "audio": "https://cdn.download.ams.birds.cornell.edu/api/v1/asset/124329721"}, {"id": 115693311, "url": "https://cdn.download.ams.birds.cornell.edu/api/v1/asset/115693311/spectrogram_small", "src": "https://macaulaylibrary.org/asset/115693311", "attribution": "Daniel Irons", "audio": "https://cdn.download.ams.birds.cornell.edu/api/v1/asset/115693311"}, {"id": 108328231, "url": "https://cdn.download.ams.birds.cornell.edu/api/v1/asset/108328231/spectrogram_small", "src": "https://macaulaylibrary.org/asset/108328231", "attribution": "Daniel Donnecke", "audio": "https://cdn.download.ams.birds.cornell.edu/api/v1/asset/108328231"}, {"id": 116877821, "url": "https://cdn.download.ams.birds.cornell.edu/api/v1/asset/116877821/spectrogram_small", "src": "https://macaulaylibrary.org/asset/116877821", "attribution": "Dylan Jackson", "audio": "https://cdn.download.ams.birds.cornell.edu/api/v1/asset/116877821"}, {"id": 106555561, "url": "https://cdn.download.ams.birds.cornell.edu/api/v1/asset/106555561/spectrogram_small", "src": "https://macaulaylibrary.org/asset/106555561", "attribution": "Joe Gyekis Lewisburg NFC Station", "audio": "https://cdn.download.ams.birds.cornell.edu/api/v1/asset/106555561"}, {"id": 109553521, "url": "https://cdn.download.ams.birds.cornell.edu/api/v1/asset/109553521/spectrogram_small", "src": "https://macaulaylibrary.org/asset/109553521", "attribution": "Judah Bruse", "audio": "https://cdn.download.ams.birds.cornell.edu/api/v1/asset/109553521"}, {"id": 127517811, "url": "https://cdn.download.ams.birds.cornell.edu/api/v1/asset/127517811/spectrogram_small", "src": "https://macaulaylibrary.org/asset/127517811", "attribution": "Andy Bankert", "audio": "https://cdn.download.ams.birds.cornell.edu/api/v1/asset/127517811"}, {"id": 53251131, "url": "https://cdn.download.ams.birds.cornell.edu/api/v1/asset/53251131/spectrogram_small", "src": "https://macaulaylibrary.org/asset/53251131", "attribution": "Brad Walker", "audio": "https://cdn.download.ams.birds.cornell.edu/api/v1/asset/53251131"}, {"id": 54840671, "url": "https://cdn.download.ams.birds.cornell.edu/api/v1/asset/54840671/spectrogram_small", "src": "https://macaulaylibrary.org/asset/54840671", "attribution": "Jay McGowan", "audio": "https://cdn.download.ams.birds.cornell.edu/api/v1/asset/54840671"}, {"id": 105646791, "url": "https://cdn.download.ams.birds.cornell.edu/api/v1/asset/105646791/spectrogram_small", "src": "https://macaulaylibrary.org/asset/105646791", "attribution": "Paul Marvin", "audio": "https://cdn.download.ams.birds.cornell.edu/api/v1/asset/105646791"}, {"id": 124730851, "url": "https://cdn.download.ams.birds.cornell.edu/api/v1/asset/124730851/spectrogram_small", "src": "https://macaulaylibrary.org/asset/124730851", "attribution": "Jeff Ellerbusch", "audio": "https://cdn.download.ams.birds.cornell.edu/api/v1/asset/124730851"}, {"id": 29070711, "url": "https://cdn.download.ams.birds.cornell.edu/api/v1/asset/29070711/spectrogram_small", "src": "https://macaulaylibrary.org/asset/29070711", "attribution": "Jay McGowan", "audio": "https://cdn.download.ams.birds.cornell.edu/api/v1/asset/29070711"}, {"id": 31658591, "url": "https://cdn.download.ams.birds.cornell.edu/api/v1/asset/31658591/spectrogram_small", "src": "https://macaulaylibrary.org/asset/31658591", "attribution": "Paul Marvin", "audio": "https://cdn.download.ams.birds.cornell.edu/api/v1/asset/31658591"}, {"id": 121198471, "url": "https://cdn.download.ams.birds.cornell.edu/api/v1/asset/121198471/spectrogram_small", "src": "https://macaulaylibrary.org/asset/121198471", "attribution": "Jonathan Fr\u00e9chette", "audio": "https://cdn.download.ams.birds.cornell.edu/api/v1/asset/121198471"}, {"id": 111181361, "url": "https://cdn.download.ams.birds.cornell.edu/api/v1/asset/111181361/spectrogram_small", "src": "https://macaulaylibrary.org/asset/111181361", "attribution": "Michael S Taylor", "audio": "https://cdn.download.ams.birds.cornell.edu/api/v1/asset/111181361"}, {"id": 26918071, "url": "https://cdn.download.ams.birds.cornell.edu/api/v1/asset/26918071/spectrogram_small", "src": "https://macaulaylibrary.org/asset/26918071", "attribution": "Jay McGowan", "audio": "https://cdn.download.ams.birds.cornell.edu/api/v1/asset/26918071"}, {"id": 122122131, "url": "https://cdn.download.ams.birds.cornell.edu/api/v1/asset/122122131/spectrogram_small", "src": "https://macaulaylibrary.org/asset/122122131", "attribution": "Martin Wall", "audio": "https://cdn.download.ams.birds.cornell.edu/api/v1/asset/122122131"}, {"id": 207134, "url": "https://cdn.download.ams.birds.cornell.edu/api/v1/asset/207134/spectrogram_small", "src": "https://macaulaylibrary.org/asset/207134", "attribution": "Bob McGuire", "audio": "https://cdn.download.ams.birds.cornell.edu/api/v1/asset/207134"}, {"id": 197040, "url": "https://cdn.download.ams.birds.cornell.edu/api/v1/asset/197040/spectrogram_small", "src": "https://macaulaylibrary.org/asset/197040", "attribution": "Bob McGuire", "audio": "https://cdn.download.ams.birds.cornell.edu/api/v1/asset/197040"}, {"id": 111180431, "url": "https://cdn.download.ams.birds.cornell.edu/api/v1/asset/111180431/spectrogram_small", "src": "https://macaulaylibrary.org/asset/111180431", "attribution": "Michael S Taylor", "audio": "https://cdn.download.ams.birds.cornell.edu/api/v1/asset/111180431"}, {"id": 76209641, "url": "https://cdn.download.ams.birds.cornell.edu/api/v1/asset/76209641/spectrogram_small", "src": "https://macaulaylibrary.org/asset/76209641", "attribution": "William Hull", "audio": "https://cdn.download.ams.birds.cornell.edu/api/v1/asset/76209641"}, {"id": 110225471, "url": "https://cdn.download.ams.birds.cornell.edu/api/v1/asset/110225471/spectrogram_small", "src": "https://macaulaylibrary.org/asset/110225471", "attribution": "Valerie Limasi", "audio": "https://cdn.download.ams.birds.cornell.edu/api/v1/asset/110225471"}, {"id": 118037921, "url": "https://cdn.download.ams.birds.cornell.edu/api/v1/asset/118037921/spectrogram_small", "src": "https://macaulaylibrary.org/asset/118037921", "attribution": "Jasper Barnes", "audio": "https://cdn.download.ams.birds.cornell.edu/api/v1/asset/118037921"}, {"id": 81558911, "url": "https://cdn.download.ams.birds.cornell.edu/api/v1/asset/81558911/spectrogram_small", "src": "https://macaulaylibrary.org/asset/81558911", "attribution": "John Beetham", "audio": "https://cdn.download.ams.birds.cornell.edu/api/v1/asset/81558911"}, {"id": 172758, "url": "https://cdn.download.ams.birds.cornell.edu/api/v1/asset/172758/spectrogram_small", "src": "https://macaulaylibrary.org/asset/172758", "attribution": "Jay McGowan", "audio": "https://cdn.download.ams.birds.cornell.edu/api/v1/asset/172758"}, {"id": 72294741, "url": "https://cdn.download.ams.birds.cornell.edu/api/v1/asset/72294741/spectrogram_small", "src": "https://macaulaylibrary.org/asset/72294741", "attribution": "Carole Swann", "audio": "https://cdn.download.ams.birds.cornell.edu/api/v1/asset/72294741"}, {"id": 114132381, "url": "https://cdn.download.ams.birds.cornell.edu/api/v1/asset/114132381/spectrogram_small", "src": "https://macaulaylibrary.org/asset/114132381", "attribution": "Ben Davis", "audio": "https://cdn.download.ams.birds.cornell.edu/api/v1/asset/114132381"}, {"id": 121442421, "url": "https://cdn.download.ams.birds.cornell.edu/api/v1/asset/121442421/spectrogram_small", "src": "https://macaulaylibrary.org/asset/121442421", "attribution": "A Emmerson", "audio": "https://cdn.download.ams.birds.cornell.edu/api/v1/asset/121442421"}, {"id": 103384191, "url": "https://cdn.download.ams.birds.cornell.edu/api/v1/asset/103384191/spectrogram_small", "src": "https://macaulaylibrary.org/asset/103384191", "attribution": "Blaine Carnes", "audio": "https://cdn.download.ams.birds.cornell.edu/api/v1/asset/103384191"}, {"id": 133271161, "url": "https://cdn.download.ams.birds.cornell.edu/api/v1/asset/133271161/spectrogram_small", "src": "https://macaulaylibrary.org/asset/133271161", "attribution": "Kelly Krechmer", "audio": "https://cdn.download.ams.birds.cornell.edu/api/v1/asset/133271161"}, {"id": 118166351, "url": "https://cdn.download.ams.birds.cornell.edu/api/v1/asset/118166351/spectrogram_small", "src": "https://macaulaylibrary.org/asset/118166351", "attribution": "Kelly Krechmer", "audio": "https://cdn.download.ams.birds.cornell.edu/api/v1/asset/118166351"}, {"id": 56913821, "url": "https://cdn.download.ams.birds.cornell.edu/api/v1/asset/56913821/spectrogram_small", "src": "https://macaulaylibrary.org/asset/56913821", "attribution": "Ashley Olah", "audio": "https://cdn.download.ams.birds.cornell.edu/api/v1/asset/56913821"}, {"id": 211982841, "url": "https://cdn.download.ams.birds.cornell.edu/api/v1/asset/211982841/spectrogram_small", "src": "https://macaulaylibrary.org/asset/211982841", "audio": "https://cdn.download.ams.birds.cornell.edu/api/v1/asset/211982841"}, {"id": 140011961, "url": "https://cdn.download.ams.birds.cornell.edu/api/v1/asset/140011961/spectrogram_small", "src": "https://macaulaylibrary.org/asset/140011961", "audio": "https://cdn.download.ams.birds.cornell.edu/api/v1/asset/140011961"}, {"id": 203100591, "url": "https://cdn.download.ams.birds.cornell.edu/api/v1/asset/203100591/spectrogram_small", "src": "https://macaulaylibrary.org/asset/203100591", "audio": "https://cdn.download.ams.birds.cornell.edu/api/v1/asset/203100591"}, {"id": 229661401, "url": "https://cdn.download.ams.birds.cornell.edu/api/v1/asset/229661401/spectrogram_small", "src": "https://macaulaylibrary.org/asset/229661401", "audio": "https://cdn.download.ams.birds.cornell.edu/api/v1/asset/229661401"}, {"id": 216754301, "url": "https://cdn.download.ams.birds.cornell.edu/api/v1/asset/216754301/spectrogram_small", "src": "https://macaulaylibrary.org/asset/216754301", "audio": "https://cdn.download.ams.birds.cornell.edu/api/v1/asset/216754301"}, {"id": 179549951, "url": "https://cdn.download.ams.birds.cornell.edu/api/v1/asset/179549951/spectrogram_small", "src": "https://macaulaylibrary.org/asset/179549951", "audio": "https://cdn.download.ams.birds.cornell.edu/api/v1/asset/179549951"}, {"id": 181704381, "url": "https://cdn.download.ams.birds.cornell.edu/api/v1/asset/181704381/spectrogram_small", "src": "https://macaulaylibrary.org/asset/181704381", "audio": "https://cdn.download.ams.birds.cornell.edu/api/v1/asset/181704381"}, {"id": 183786461, "url": "https://cdn.download.ams.birds.cornell.edu/api/v1/asset/183786461/spectrogram_small", "src": "https://macaulaylibrary.org/asset/183786461", "audio": "https://cdn.download.ams.birds.cornell.edu/api/v1/asset/183786461"}, {"id": 186756161, "url": "https://cdn.download.ams.birds.cornell.edu/api/v1/asset/186756161/spectrogram_small", "src": "https://macaulaylibrary.org/asset/186756161", "audio": "https://cdn.download.ams.birds.cornell.edu/api/v1/asset/186756161"}, {"id": 187140441, "url": "https://cdn.download.ams.birds.cornell.edu/api/v1/asset/187140441/spectrogram_small", "src": "https://macaulaylibrary.org/asset/187140441", "audio": "https://cdn.download.ams.birds.cornell.edu/api/v1/asset/187140441"}, {"id": 195495871, "url": "https://cdn.download.ams.birds.cornell.edu/api/v1/asset/195495871/spectrogram_small", "src": "https://macaulaylibrary.org/asset/195495871", "audio": "https://cdn.download.ams.birds.cornell.edu/api/v1/asset/195495871"}, {"id": 197756741, "url": "https://cdn.download.ams.birds.cornell.edu/api/v1/asset/197756741/spectrogram_small", "src": "https://macaulaylibrary.org/asset/197756741", "audio": "https://cdn.download.ams.birds.cornell.edu/api/v1/asset/197756741"}, {"id": 195175021, "url": "https://cdn.download.ams.birds.cornell.edu/api/v1/asset/195175021/spectrogram_small", "src": "https://macaulaylibrary.org/asset/195175021", "audio": "https://cdn.download.ams.birds.cornell.edu/api/v1/asset/195175021"}, {"id": 197152381, "url": "https://cdn.download.ams.birds.cornell.edu/api/v1/asset/197152381/spectrogram_small", "src": "https://macaulaylibrary.org/asset/197152381", "audio": "https://cdn.download.ams.birds.cornell.edu/api/v1/asset/197152381"}, {"id": 183850181, "url": "https://cdn.download.ams.birds.cornell.edu/api/v1/asset/183850181/spectrogram_small", "src": "https://macaulaylibrary.org/asset/183850181", "audio": "https://cdn.download.ams.birds.cornell.edu/api/v1/asset/183850181"}, {"id": 190333401, "url": "https://cdn.download.ams.birds.cornell.edu/api/v1/asset/190333401/spectrogram_small", "src": "https://macaulaylibrary.org/asset/190333401", "audio": "https://cdn.download.ams.birds.cornell.edu/api/v1/asset/190333401"}, {"id": 176438771, "url": "https://cdn.download.ams.birds.cornell.edu/api/v1/asset/176438771/spectrogram_small", "src": "https://macaulaylibrary.org/asset/176438771", "audio": "https://cdn.download.ams.birds.cornell.edu/api/v1/asset/176438771"}, {"id": 177345541, "url": "https://cdn.download.ams.birds.cornell.edu/api/v1/asset/177345541/spectrogram_small", "src": "https://macaulaylibrary.org/asset/177345541", "audio": "https://cdn.download.ams.birds.cornell.edu/api/v1/asset/177345541"}, {"id": 173885081, "url": "https://cdn.download.ams.birds.cornell.edu/api/v1/asset/173885081/spectrogram_small", "src": "https://macaulaylibrary.org/asset/173885081", "audio": "https://cdn.download.ams.birds.cornell.edu/api/v1/asset/173885081"}, {"id": 173747671, "url": "https://cdn.download.ams.birds.cornell.edu/api/v1/asset/173747671/spectrogram_small", "src": "https://macaulaylibrary.org/asset/173747671", "audio": "https://cdn.download.ams.birds.cornell.edu/api/v1/asset/173747671"}, {"id": 173319981, "url": "https://cdn.download.ams.birds.cornell.edu/api/v1/asset/173319981/spectrogram_small", "src": "https://macaulaylibrary.org/asset/173319981", "audio": "https://cdn.download.ams.birds.cornell.edu/api/v1/asset/173319981"}, {"id": 171817231, "url": "https://cdn.download.ams.birds.cornell.edu/api/v1/asset/171817231/spectrogram_small", "src": "https://macaulaylibrary.org/asset/171817231", "audio": "https://cdn.download.ams.birds.cornell.edu/api/v1/asset/171817231"}, {"id": 184203881, "url": "https://cdn.download.ams.birds.cornell.edu/api/v1/asset/184203881/spectrogram_small", "src": "https://macaulaylibrary.org/asset/184203881", "audio": "https://cdn.download.ams.birds.cornell.edu/api/v1/asset/184203881"}, {"id": 184985911, "url": "https://cdn.download.ams.birds.cornell.edu/api/v1/asset/184985911/spectrogram_small", "src": "https://macaulaylibrary.org/asset/184985911", "audio": "https://cdn.download.ams.birds.cornell.edu/api/v1/asset/184985911"}, {"id": 149690401, "url": "https://cdn.download.ams.birds.cornell.edu/api/v1/asset/149690401/spectrogram_small", "src": "https://macaulaylibrary.org/asset/149690401", "audio": "https://cdn.download.ams.birds.cornell.edu/api/v1/asset/149690401"}, {"id": 169227871, "url": "https://cdn.download.ams.birds.cornell.edu/api/v1/asset/169227871/spectrogram_small", "src": "https://macaulaylibrary.org/asset/169227871", "audio": "https://cdn.download.ams.birds.cornell.edu/api/v1/asset/169227871"}, {"id": 169765471, "url": "https://cdn.download.ams.birds.cornell.edu/api/v1/asset/169765471/spectrogram_small", "src": "https://macaulaylibrary.org/asset/169765471", "audio": "https://cdn.download.ams.birds.cornell.edu/api/v1/asset/169765471"}, {"id": 148750651, "url": "https://cdn.download.ams.birds.cornell.edu/api/v1/asset/148750651/spectrogram_small", "src": "https://macaulaylibrary.org/asset/148750651", "audio": "https://cdn.download.ams.birds.cornell.edu/api/v1/asset/148750651"}, {"id": 141166281, "url": "https://cdn.download.ams.birds.cornell.edu/api/v1/asset/141166281/spectrogram_small", "src": "https://macaulaylibrary.org/asset/141166281", "audio": "https://cdn.download.ams.birds.cornell.edu/api/v1/asset/141166281"}, {"id": 236604391, "url": "https://cdn.download.ams.birds.cornell.edu/api/v1/asset/236604391/spectrogram_small", "src": "https://macaulaylibrary.org/asset/236604391", "audio": "https://cdn.download.ams.birds.cornell.edu/api/v1/asset/236604391"}, {"id": 193536981, "url": "https://cdn.download.ams.birds.cornell.edu/api/v1/asset/193536981/spectrogram_small", "src": "https://macaulaylibrary.org/asset/193536981", "audio": "https://cdn.download.ams.birds.cornell.edu/api/v1/asset/193536981"}, {"id": 215843041, "url": "https://cdn.download.ams.birds.cornell.edu/api/v1/asset/215843041/spectrogram_small", "src": "https://macaulaylibrary.org/asset/215843041", "audio": "https://cdn.download.ams.birds.cornell.edu/api/v1/asset/215843041"}, {"id": 209767541, "url": "https://cdn.download.ams.birds.cornell.edu/api/v1/asset/209767541/spectrogram_small", "src": "https://macaulaylibrary.org/asset/209767541", "audio": "https://cdn.download.ams.birds.cornell.edu/api/v1/asset/209767541"}, {"id": 217470891, "url": "https://cdn.download.ams.birds.cornell.edu/api/v1/asset/217470891/spectrogram_small", "src": "https://macaulaylibrary.org/asset/217470891", "audio": "https://cdn.download.ams.birds.cornell.edu/api/v1/asset/217470891"}, {"id": 240101431, "url": "https://cdn.download.ams.birds.cornell.edu/api/v1/asset/240101431/spectrogram_small", "src": "https://macaulaylibrary.org/asset/240101431", "audio": "https://cdn.download.ams.birds.cornell.edu/api/v1/asset/240101431"}, {"id": 239043101, "url": "https://cdn.download.ams.birds.cornell.edu/api/v1/asset/239043101/spectrogram_small", "src": "https://macaulaylibrary.org/asset/239043101", "audio": "https://cdn.download.ams.birds.cornell.edu/api/v1/asset/239043101"}, {"id": 242495861, "url": "https://cdn.download.ams.birds.cornell.edu/api/v1/asset/242495861/spectrogram_small", "src": "https://macaulaylibrary.org/asset/242495861", "audio": "https://cdn.download.ams.birds.cornell.edu/api/v1/asset/242495861"}, {"id": 163399141, "url": "https://cdn.download.ams.birds.cornell.edu/api/v1/asset/163399141/spectrogram_small", "src": "https://macaulaylibrary.org/asset/163399141", "audio": "https://cdn.download.ams.birds.cornell.edu/api/v1/asset/163399141"}, {"id": 221629811, "url": "https://cdn.download.ams.birds.cornell.edu/api/v1/asset/221629811/spectrogram_small", "src": "https://macaulaylibrary.org/asset/221629811", "audio": "https://cdn.download.ams.birds.cornell.edu/api/v1/asset/221629811"}, {"id": 242062451, "url": "https://cdn.download.ams.birds.cornell.edu/api/v1/asset/242062451/spectrogram_small", "src": "https://macaulaylibrary.org/asset/242062451", "audio": "https://cdn.download.ams.birds.cornell.edu/api/v1/asset/242062451"}]